<?xml version="1.0" encoding="UTF-8"?>
<backup>
  <tabs>
    <tab>
      <_id>1</_id>
      <label>Welcome</label>
      <icon_resource>0</icon_resource>
      <background_color>#0066ff</background_color>
      <sort_order>1</sort_order>
    </tab>
    <tab>
      <_id>3</_id>
      <label>Features</label>
      <icon_resource>0</icon_resource>
      <sort_order>2</sort_order>
    </tab>
    <tab>
      <_id>2</_id>
      <label>Help</label>
      <icon_resource>0</icon_resource>
      <background_color>#0000cc</background_color>
      <sort_order>3</sort_order>
    </tab>
  </tabs>
  <buttons>
    <button>
      <_id>15</_id>
      <tab_id>1</tab_id>
      <label>Welcome</label>
      <tts_text>Welcome to my voice for Android</tts_text>
      <sort_order>1</sort_order>
    </button>
    <button>
      <_id>14</_id>
      <tab_id>1</tab_id>
      <label>This Program</label>
      <tts_text>This program is designed to help people
        communicate.</tts_text>
      <sort_order>2</sort_order>
    </button>
    <button>
      <_id>22</_id>
      <tab_id>1</tab_id>
      <label>Demo</label>
      <tts_text>These buttons and tabs are provided as
        a demonstration. You can remove them using the
        tools menu.</tts_text>
      <sort_order>3</sort_order>
    </button>
    <button>
      <_id>21</_id>
      <tab_id>1</tab_id>
      <label>More info</label>
      <tts_text>You can find a link to the home page in
        the "about" menu. Please visit for updates and
        to leave your feedback.</tts_text>
	  <sort_order>4</sort_order>
    </button>
        <button>
      <_id>13</_id>
      <tab_id>3</tab_id>
      <label>Low Cost</label>
      <tts_text>My voice runs on even the least expensive
        Android devices, many of which cost less than 200
        dollars.</tts_text>
      <background_color>#00ff00</background_color>
      <sort_order>1</sort_order>
    </button>
    <button>
      <_id>11</_id>
      <tab_id>3</tab_id>
      <label>Portable</label>
      <tts_text>My voice is designed to run on phones and
        tablets, which are very portable.</tts_text>
      <background_color>#ffff00</background_color>
      <sort_order>2</sort_order>
    </button>
    <button>
      <_id>1</_id>
      <tab_id>3</tab_id>
      <label>Standalone</label>
      <tts_text>Buttons can be created and edited using
        the device itself.</tts_text>
      <sort_order>3</sort_order>
    </button>
    <button>
      <_id>12</_id>
      <tab_id>3</tab_id>
      <label>Open Source</label>
      <tts_text>The ideas behind My Voice and the full
        source code are available free of charge.</tts_text>
      <background_color>#cc00cc</background_color>
      <sort_order>4</sort_order>
    </button>
    <button>
      <_id>10</_id>
      <tab_id>3</tab_id>
      <label>Text To Speech</label>
      <tts_text>Android's text-to-speech lets us create
        buttons without requiring a microphone or the ability
        to speak.</tts_text>
      <sort_order>5</sort_order>
    </button>
    <button>
      <_id>9</_id>
      <tab_id>3</tab_id>
      <label>Recorded Voices</label>
      <sound_path>sounds/recorded-voices-8.mp4</sound_path>
      <sort_order>6</sort_order>
    </button>
    <button>
      <_id>8</_id>
      <tab_id>3</tab_id>
      <label>Images</label>
      <tts_text>Images can be added to buttons to make
        their meaning clearer.</tts_text>
      <image_path>images/smallEye.png</image_path>
      <sort_order>7</sort_order>
    </button>
        <button>
      <_id>5</_id>
      <tab_id>3</tab_id>
      <label>Color</label>
      <tts_text>The background color of tabs and buttons
        can be changed.</tts_text>
      <background_color>#ff0000</background_color>
      <sort_order>8</sort_order>
    </button>
    <button>
      <_id>4</_id>
      <tab_id>3</tab_id>
      <label>Import &amp; Export</label>
      <tts_text>You can export and import buttons and tabs
        using your storage card. This lets you easily set
        up a new device or share your library with others.</tts_text>
      <background_color>#ffcc99</background_color>
      <sort_order>9</sort_order>
    </button>
    <button>
      <_id>7</_id>
      <tab_id>2</tab_id>
      <label>Buttons</label>
      <tts_text>Buttons are rectangles you click to say
        something.</tts_text>
      <sort_order>1</sort_order>
    </button>
    <button>
      <_id>6</_id>
      <tab_id>2</tab_id>
      <label>Tabs</label>
      <tts_text>A tab is a group of buttons that appear
        on the same screen. Using tabs, we can make hundreds
        or even thousands of buttons available on a single
        device.</tts_text>
      <sort_order>2</sort_order>
    </button>
    <button>
      <_id>23</_id>
      <tab_id>2</tab_id>
      <label>Adding Content</label>
      <tts_text>You can add content using the "add" menu
        option, or by pressing and holding on an existing
        button or tab.</tts_text>
      <sort_order>3</sort_order>
    </button>
    <button>
      <_id>25</_id>
      <tab_id>2</tab_id>
      <label>Edit Tabs</label>
      <tts_text>You can edit and delete tabs by pressing
        and holding on their name, or by using the menu
        button.</tts_text>
      <sort_order>4</sort_order>
    </button>
    <button>
      <_id>24</_id>
      <tab_id>2</tab_id>
      <label>Edit Buttons</label>
      <tts_text>You can edit or delete buttons by pressing
        and holding down on the button.</tts_text>
      <sort_order>5</sort_order>
    </button>
    <button>
      <_id>26</_id>
      <tab_id>2</tab_id>
      <label>Tools</label>
      <tts_text>The tools menu lets you save and load data.</tts_text>
      <sort_order>6</sort_order>
    </button>
    <button>
      <_id>27</_id>
      <tab_id>2</tab_id>
      <label>Preferences</label>
      <tts_text>The preferences menu controls the look
        and feel and other key settings.</tts_text>
      <sort_order>7</sort_order>
    </button>
    <button>
      <_id>28</_id>
      <tab_id>2</tab_id>
      <label>About Menu</label>
      <tts_text>The About menu tells you where to find
        updates and where to give your feedback.</tts_text>
      <sort_order>8</sort_order>
    </button>
  </buttons>
</backup>