<?xml version="1.0" encoding="UTF-8"?>
<backup>
  <tabs>
    <tab>
      <_id>2</_id>
      <label>Welcome</label>
      <icon_resource>0</icon_resource>
      <background_color>#0066ff</background_color>
    </tab>
    <tab>
      <_id>3</_id>
      <label>Background</label>
      <icon_resource>0</icon_resource>
      <background_color>#0000cc</background_color>
    </tab>
    <tab>
      <_id>4</_id>
      <label>Features</label>
      <icon_resource>0</icon_resource>
    </tab>
    <tab>
      <_id>5</_id>
      <label>Coming Soon</label>
      <icon_resource>0</icon_resource>
      <background_color>#ffff00</background_color>
    </tab>
  </tabs>
  <buttons>
    <button>
      <_id>19</_id>
      <tab_id>4</tab_id>
      <label>Standalone</label>
      <tts_text>Buttons can be created and edited using
        the device itself.</tts_text>
    </button>
    <button>
      <_id>18</_id>
      <tab_id>5</tab_id>
      <label>Your Ideas</label>
      <tts_text>If you can think of other useful features,
        please get in touch.</tts_text>
      <background_color>#996633</background_color>
    </button>
    <button>
      <_id>17</_id>
      <tab_id>5</tab_id>
      <label>Import</label>
      <tts_text>Future versions will allow importing existing
        libraries of buttons and tabs.</tts_text>
      <background_color>#cc9966</background_color>
    </button>
    <button>
      <_id>16</_id>
      <tab_id>5</tab_id>
      <label>Export</label>
      <tts_text>Future versions will allow exporting all
        buttons and tabs as a backup.</tts_text>
      <background_color>#ffcc99</background_color>
    </button>
    <button>
      <_id>14</_id>
      <tab_id>4</tab_id>
      <label>Color</label>
      <tts_text>The background color of tabs and buttons
        can be changed.</tts_text>
      <background_color>#ff0000</background_color>
    </button>
    <button>
      <_id>13</_id>
      <tab_id>2</tab_id>
      <label>Tabs</label>
      <tts_text>A tab is a group of buttons that appear
        on the same screen. Using tabs, we can make hundreds
        or even thousands of buttons available on a single
        device.</tts_text>
    </button>
    <button>
      <_id>12</_id>
      <tab_id>2</tab_id>
      <label>Buttons</label>
      <tts_text>Buttons are rectangles you click to say
        something.</tts_text>
    </button>
    <button>
      <_id>11</_id>
      <tab_id>4</tab_id>
      <label>Images</label>
      <tts_text>Buttons can be enhanced with images to
        make their meaning clear independently of their
        text labels.</tts_text>
      <image_path>images/smallEye.png</image_path>
    </button>
    <button>
      <_id>10</_id>
      <tab_id>4</tab_id>
      <label>Recorded Voices</label>
      <sound_path>sounds/recording.mp3</sound_path>
    </button>
    <button>
      <_id>9</_id>
      <tab_id>4</tab_id>
      <label>Text To Speech</label>
      <tts_text>Android's text-to-speech lets us create
        buttons without requiring a microphone or the ability
        to speak.</tts_text>
    </button>
    <button>
      <_id>8</_id>
      <tab_id>3</tab_id>
      <label>Portable</label>
      <tts_text>My voice is designed to run on Android
        phones and tablets, which are widely available,
        relatively cheap, and very portable.</tts_text>
      <background_color>#ffff00</background_color>
    </button>
    <button>
      <_id>7</_id>
      <tab_id>3</tab_id>
      <label>Open Source</label>
      <tts_text>The ideas behind My Voice and the full
        source code are available free of charge.</tts_text>
      <background_color>#cc00cc</background_color>
    </button>
    <button>
      <_id>6</_id>
      <tab_id>3</tab_id>
      <label>Low Cost</label>
      <tts_text>My voice is designed to run on devices
        costing 200 dollars or less.</tts_text>
      <background_color>#00ff00</background_color>
    </button>
    <button>
      <_id>5</_id>
      <tab_id>2</tab_id>
      <label>This Program</label>
      <tts_text>This program is designed to help people
        communicate.</tts_text>
    </button>
    <button>
      <_id>4</_id>
      <tab_id>2</tab_id>
      <label>Welcome</label>
      <tts_text>Welcome to my voice for Android</tts_text>
      <background_color>#663399</background_color>
    </button>
  </buttons>
</backup>
