<?xml version="1.0" encoding="UTF-8"?>
<backup>
  <tabs>
    <tab>
      <_id>1</_id>
      <label>Home</label>
      <icon_resource>0</icon_resource>
      <background_color>-16777063</background_color>
      <sort_order>-2</sort_order>
    </tab>
    <tab>
      <_id>2</_id>
      <label>People</label>
      <icon_resource>0</icon_resource>
      <background_color>0</background_color>
      <sort_order>-1</sort_order>
    </tab>
    <tab>
      <_id>3</_id>
      <label>Needs</label>
      <icon_resource>0</icon_resource>
      <background_color>0</background_color>
      <sort_order>0</sort_order>
    </tab>
    <tab>
      <_id>4</_id>
      <label>Actions</label>
      <icon_resource>0</icon_resource>
      <background_color>0</background_color>
      <sort_order>2</sort_order>
    </tab>
    <tab>
      <_id>5</_id>
      <label>Places</label>
      <icon_resource>0</icon_resource>
      <background_color>0</background_color>
      <sort_order>5</sort_order>
    </tab>
    <tab>
      <_id>6</_id>
      <label>Feelings</label>
      <icon_resource>0</icon_resource>
      <background_color>0</background_color>
      <sort_order>6</sort_order>
    </tab>
    <tab>
      <_id>7</_id>
      <label>?</label>
      <icon_resource>0</icon_resource>
      <background_color>0</background_color>
      <sort_order>8</sort_order>
    </tab>
  </tabs>
  <buttons>
    <button>
      <_id>1</_id>
      <tab_id>1</tab_id>
      <label>I</label>
      <tts_text>I</tts_text>
      <background_color>0</background_color>
      <sort_order>-1</sort_order>
      <linked_tab_id>3</linked_tab_id>
    </button>
    <button>
      <_id>2</_id>
      <tab_id>1</tab_id>
      <label>Yes</label>
      <tts_text>Yes</tts_text>
      <background_color>0</background_color>
      <sort_order>1</sort_order>
    </button>
    <button>
      <_id>3</_id>
      <tab_id>1</tab_id>
      <label>No</label>
      <tts_text>No</tts_text>
      <background_color>0</background_color>
      <sort_order>2</sort_order>
    </button>
    <button>
      <_id>4</_id>
      <tab_id>1</tab_id>
      <label>OK</label>
      <tts_text>OK</tts_text>
      <background_color>0</background_color>
      <sort_order>4</sort_order>
    </button>
    <button>
      <_id>5</_id>
      <tab_id>1</tab_id>
      <label>Maybe</label>
      <tts_text>Maybe</tts_text>
      <background_color>0</background_color>
      <sort_order>7</sort_order>
    </button>
    <button>
      <_id>6</_id>
      <tab_id>1</tab_id>
      <label>I Don't Know</label>
      <tts_text>I Don't Know</tts_text>
      <background_color>0</background_color>
      <sort_order>8</sort_order>
    </button>
    <button>
      <_id>7</_id>
      <tab_id>1</tab_id>
      <label>Please</label>
      <tts_text>Please</tts_text>
      <background_color>0</background_color>
      <sort_order>9</sort_order>
    </button>
    <button>
      <_id>8</_id>
      <tab_id>1</tab_id>
      <label>Thank You</label>
      <tts_text>Thank You</tts_text>
      <background_color>0</background_color>
      <sort_order>10</sort_order>
    </button>
    <button>
      <_id>9</_id>
      <tab_id>1</tab_id>
      <label>Help</label>
      <tts_text>Help</tts_text>
      <background_color>0</background_color>
      <sort_order>11</sort_order>
      <linked_tab_id>2</linked_tab_id>
    </button>
    <button>
      <_id>10</_id>
      <tab_id>2</tab_id>
      <label/>
      <sound_resource>-1</sound_resource>
      <image_resource>2130837509</image_resource>
      <background_color>-16777063</background_color>
      <sort_order>-3</sort_order>
      <linked_tab_id>1</linked_tab_id>
    </button>
    <button>
      <_id>11</_id>
      <tab_id>2</tab_id>
      <label>I</label>
      <tts_text>I</tts_text>
      <background_color>0</background_color>
      <sort_order>-1</sort_order>
      <linked_tab_id>3</linked_tab_id>
    </button>
    <button>
      <_id>12</_id>
      <tab_id>2</tab_id>
      <label>You</label>
      <tts_text>You</tts_text>
      <background_color>0</background_color>
      <sort_order>1</sort_order>
      <linked_tab_id>3</linked_tab_id>
    </button>
    <button>
      <_id>13</_id>
      <tab_id>2</tab_id>
      <label>We</label>
      <tts_text>We</tts_text>
      <background_color>0</background_color>
      <sort_order>3</sort_order>
      <linked_tab_id>3</linked_tab_id>
    </button>
    <button>
      <_id>14</_id>
      <tab_id>2</tab_id>
      <label>Me</label>
      <tts_text>Me</tts_text>
      <background_color>0</background_color>
      <sort_order>22</sort_order>
      <linked_tab_id>3</linked_tab_id>
    </button>
    <button>
      <_id>15</_id>
      <tab_id>2</tab_id>
      <label>He</label>
      <tts_text>He</tts_text>
      <background_color>0</background_color>
      <sort_order>23</sort_order>
    </button>
    <button>
      <_id>16</_id>
      <tab_id>2</tab_id>
      <label>She</label>
      <tts_text>She</tts_text>
      <background_color>0</background_color>
      <sort_order>24</sort_order>
    </button>
    <button>
      <_id>17</_id>
      <tab_id>2</tab_id>
      <label>Mom</label>
      <tts_text>Mom</tts_text>
      <background_color>0</background_color>
      <sort_order>25</sort_order>
    </button>
    <button>
      <_id>18</_id>
      <tab_id>2</tab_id>
      <label>Dad</label>
      <tts_text>Dad</tts_text>
      <background_color>0</background_color>
      <sort_order>26</sort_order>
    </button>
    <button>
      <_id>19</_id>
      <tab_id>3</tab_id>
      <label/>
      <sound_resource>-1</sound_resource>
      <image_resource>2130837509</image_resource>
      <background_color>-16777063</background_color>
      <sort_order>-2</sort_order>
      <linked_tab_id>1</linked_tab_id>
    </button>
    <button>
      <_id>20</_id>
      <tab_id>3</tab_id>
      <label>Want to</label>
      <tts_text>Want to</tts_text>
      <background_color>0</background_color>
      <sort_order>21</sort_order>
      <linked_tab_id>4</linked_tab_id>
    </button>
    <button>
      <_id>21</_id>
      <tab_id>3</tab_id>
      <label>Need to</label>
      <tts_text>Need to</tts_text>
      <background_color>0</background_color>
      <sort_order>22</sort_order>
      <linked_tab_id>4</linked_tab_id>
    </button>
    <button>
      <_id>22</_id>
      <tab_id>3</tab_id>
      <label>Am</label>
      <tts_text>Am</tts_text>
      <background_color>0</background_color>
      <sort_order>24</sort_order>
      <linked_tab_id>6</linked_tab_id>
    </button>
    <button>
      <_id>23</_id>
      <tab_id>3</tab_id>
      <label>Are</label>
      <tts_text>are</tts_text>
      <background_color>0</background_color>
      <sort_order>26</sort_order>
      <linked_tab_id>6</linked_tab_id>
    </button>
    <button>
      <_id>24</_id>
      <tab_id>3</tab_id>
      <label>Can</label>
      <tts_text>can</tts_text>
      <background_color>0</background_color>
      <sort_order>28</sort_order>
      <linked_tab_id>4</linked_tab_id>
    </button>
    <button>
      <_id>25</_id>
      <tab_id>4</tab_id>
      <label/>
      <sound_resource>-1</sound_resource>
      <image_resource>2130837509</image_resource>
      <background_color>-16777063</background_color>
      <sort_order>-1</sort_order>
      <linked_tab_id>1</linked_tab_id>
    </button>
    <button>
      <_id>26</_id>
      <tab_id>4</tab_id>
      <label>Go</label>
      <tts_text>go</tts_text>
      <background_color>0</background_color>
      <sort_order>26</sort_order>
      <linked_tab_id>5</linked_tab_id>
    </button>
    <button>
      <_id>27</_id>
      <tab_id>4</tab_id>
      <label>Play</label>
      <tts_text>Play</tts_text>
      <background_color>0</background_color>
      <sort_order>28</sort_order>
    </button>
    <button>
      <_id>28</_id>
      <tab_id>4</tab_id>
      <label>Watch TV</label>
      <tts_text>Watch TV</tts_text>
      <background_color>0</background_color>
      <sort_order>29</sort_order>
    </button>
    <button>
      <_id>29</_id>
      <tab_id>4</tab_id>
      <label>Read</label>
      <tts_text>Read</tts_text>
      <background_color>0</background_color>
      <sort_order>30</sort_order>
    </button>
    <button>
      <_id>30</_id>
      <tab_id>4</tab_id>
      <label>Drink</label>
      <tts_text>Drink</tts_text>
      <background_color>0</background_color>
      <sort_order>31</sort_order>
    </button>
    <button>
      <_id>31</_id>
      <tab_id>4</tab_id>
      <label>Eat</label>
      <tts_text>Eat</tts_text>
      <background_color>0</background_color>
      <sort_order>32</sort_order>
    </button>
    <button>
      <_id>32</_id>
      <tab_id>4</tab_id>
      <label>Sleep</label>
      <tts_text>Sleep</tts_text>
      <background_color>0</background_color>
      <sort_order>33</sort_order>
    </button>
    <button>
      <_id>33</_id>
      <tab_id>4</tab_id>
      <label>Clean Up</label>
      <tts_text>clean up</tts_text>
      <background_color>0</background_color>
      <sort_order>35</sort_order>
    </button>
    <button>
      <_id>34</_id>
      <tab_id>5</tab_id>
      <label/>
      <sound_resource>-1</sound_resource>
      <image_resource>2130837509</image_resource>
      <background_color>-16777063</background_color>
      <sort_order>-2</sort_order>
      <linked_tab_id>1</linked_tab_id>
    </button>
    <button>
      <_id>35</_id>
      <tab_id>5</tab_id>
      <label>Home</label>
      <tts_text>Home</tts_text>
      <background_color>0</background_color>
      <sort_order>32</sort_order>
    </button>
    <button>
      <_id>36</_id>
      <tab_id>5</tab_id>
      <label>School</label>
      <tts_text>to School</tts_text>
      <background_color>0</background_color>
      <sort_order>33</sort_order>
    </button>
    <button>
      <_id>37</_id>
      <tab_id>5</tab_id>
      <label>Outside</label>
      <tts_text>Outside</tts_text>
      <background_color>0</background_color>
      <sort_order>34</sort_order>
    </button>
    <button>
      <_id>38</_id>
      <tab_id>5</tab_id>
      <label>Kitchen</label>
      <tts_text>to the Kitchen</tts_text>
      <background_color>0</background_color>
      <sort_order>35</sort_order>
    </button>
    <button>
      <_id>39</_id>
      <tab_id>5</tab_id>
      <label>Bathroom</label>
      <tts_text>to the Bathroom</tts_text>
      <background_color>0</background_color>
      <sort_order>36</sort_order>
    </button>
    <button>
      <_id>40</_id>
      <tab_id>5</tab_id>
      <label>Bedroom</label>
      <tts_text>to the Bedroom</tts_text>
      <background_color>0</background_color>
      <sort_order>37</sort_order>
    </button>
    <button>
      <_id>41</_id>
      <tab_id>5</tab_id>
      <label>Living Room</label>
      <tts_text>to the Living Room</tts_text>
      <background_color>0</background_color>
      <sort_order>38</sort_order>
    </button>
    <button>
      <_id>42</_id>
      <tab_id>5</tab_id>
      <label>Work</label>
      <tts_text>to work</tts_text>
      <background_color>0</background_color>
      <sort_order>40</sort_order>
    </button>
    <button>
      <_id>43</_id>
      <tab_id>5</tab_id>
      <label>And</label>
      <tts_text>and</tts_text>
      <background_color>0</background_color>
      <sort_order>42</sort_order>
      <linked_tab_id>4</linked_tab_id>
    </button>
    <button>
      <_id>44</_id>
      <tab_id>6</tab_id>
      <label/>
      <sound_resource>-1</sound_resource>
      <image_resource>2130837509</image_resource>
      <background_color>-16777063</background_color>
      <sort_order>-5</sort_order>
      <linked_tab_id>1</linked_tab_id>
    </button>
    <button>
      <_id>45</_id>
      <tab_id>6</tab_id>
      <label>Too</label>
      <tts_text>Too</tts_text>
      <background_color>0</background_color>
      <sort_order>37</sort_order>
    </button>
    <button>
      <_id>46</_id>
      <tab_id>6</tab_id>
      <label>Hurt</label>
      <tts_text>hurt</tts_text>
      <background_color>0</background_color>
      <sort_order>38</sort_order>
    </button>
    <button>
      <_id>47</_id>
      <tab_id>6</tab_id>
      <label>Hot</label>
      <tts_text>Hot</tts_text>
      <background_color>0</background_color>
      <sort_order>40</sort_order>
    </button>
    <button>
      <_id>48</_id>
      <tab_id>6</tab_id>
      <label>Cold</label>
      <tts_text>Cold</tts_text>
      <background_color>0</background_color>
      <sort_order>41</sort_order>
    </button>
    <button>
      <_id>49</_id>
      <tab_id>6</tab_id>
      <label>Thirsty</label>
      <tts_text>Thirsty</tts_text>
      <background_color>0</background_color>
      <sort_order>42</sort_order>
    </button>
    <button>
      <_id>50</_id>
      <tab_id>6</tab_id>
      <label>Hungry</label>
      <tts_text>Hungry</tts_text>
      <background_color>0</background_color>
      <sort_order>43</sort_order>
    </button>
    <button>
      <_id>51</_id>
      <tab_id>6</tab_id>
      <label>Tired</label>
      <tts_text>Tired</tts_text>
      <background_color>0</background_color>
      <sort_order>44</sort_order>
    </button>
    <button>
      <_id>52</_id>
      <tab_id>6</tab_id>
      <label>Happy</label>
      <tts_text>Happy</tts_text>
      <background_color>0</background_color>
      <sort_order>47</sort_order>
    </button>
    <button>
      <_id>53</_id>
      <tab_id>6</tab_id>
      <label>Sad</label>
      <tts_text>Sad</tts_text>
      <background_color>0</background_color>
      <sort_order>48</sort_order>
    </button>
    <button>
      <_id>54</_id>
      <tab_id>6</tab_id>
      <label>Bored</label>
      <tts_text>Bored</tts_text>
      <background_color>0</background_color>
      <sort_order>50</sort_order>
    </button>
    <button>
      <_id>55</_id>
      <tab_id>6</tab_id>
      <label>Excited</label>
      <tts_text>excited</tts_text>
      <background_color>0</background_color>
      <sort_order>54</sort_order>
    </button>
    <button>
      <_id>56</_id>
      <tab_id>6</tab_id>
      <label>Angry</label>
      <tts_text>Angry</tts_text>
      <background_color>0</background_color>
      <sort_order>57</sort_order>
    </button>
    <button>
      <_id>57</_id>
      <tab_id>6</tab_id>
      <label>Frustrated</label>
      <tts_text>Frustrated</tts_text>
      <background_color>0</background_color>
      <sort_order>58</sort_order>
    </button>
    <button>
      <_id>58</_id>
      <tab_id>6</tab_id>
      <label>Sorry</label>
      <tts_text>Sorry</tts_text>
      <background_color>0</background_color>
      <sort_order>59</sort_order>
    </button>
    <button>
      <_id>60</_id>
      <tab_id>7</tab_id>
      <label/>
      <sound_resource>-1</sound_resource>
      <image_resource>2130837509</image_resource>
      <background_color>-16777063</background_color>
      <sort_order>-1</sort_order>
      <linked_tab_id>1</linked_tab_id>
    </button>
    <button>
      <_id>59</_id>
      <tab_id>7</tab_id>
      <label>May I</label>
      <tts_text>may I</tts_text>
      <background_color>0</background_color>
      <sort_order>1</sort_order>
      <linked_tab_id>4</linked_tab_id>
    </button>
    <button>
      <_id>61</_id>
      <tab_id>7</tab_id>
      <label>Who?</label>
      <tts_text>Who?</tts_text>
      <background_color>0</background_color>
      <sort_order>12</sort_order>
    </button>
    <button>
      <_id>62</_id>
      <tab_id>7</tab_id>
      <label>What?</label>
      <tts_text>What?</tts_text>
      <background_color>0</background_color>
      <sort_order>13</sort_order>
    </button>
    <button>
      <_id>63</_id>
      <tab_id>7</tab_id>
      <label>Why?</label>
      <tts_text>Why?</tts_text>
      <background_color>0</background_color>
      <sort_order>14</sort_order>
    </button>
    <button>
      <_id>64</_id>
      <tab_id>7</tab_id>
      <label>Where?</label>
      <tts_text>Where?</tts_text>
      <background_color>0</background_color>
      <sort_order>15</sort_order>
    </button>
    <button>
      <_id>65</_id>
      <tab_id>7</tab_id>
      <label>When?</label>
      <tts_text>When?</tts_text>
      <background_color>0</background_color>
      <sort_order>16</sort_order>
    </button>
    <button>
      <_id>66</_id>
      <tab_id>7</tab_id>
      <label>How?</label>
      <tts_text>How?</tts_text>
      <background_color>0</background_color>
      <sort_order>17</sort_order>
    </button>
    <button>
      <_id>67</_id>
      <tab_id>7</tab_id>
      <label>How much?</label>
      <tts_text>How much?</tts_text>
      <background_color>0</background_color>
      <sort_order>18</sort_order>
    </button>
    <button>
      <_id>68</_id>
      <tab_id>7</tab_id>
      <label>How many?</label>
      <tts_text>How many?</tts_text>
      <background_color>0</background_color>
      <sort_order>19</sort_order>
    </button>
  </buttons>
</backup>
