<?xml version="1.0"?>
<backup>
    <tabs>
		<tab>
		    <_id>1</_id>
			<label>fs.home.label</label>
			<background_color>-16777063</background_color>
			<sort_order>-2</sort_order>
		</tab>
    
	    <tab>
		    <_id>2</_id>
			<label>fs.people.label</label>
			<background_color>0</background_color>
			<sort_order>-1</sort_order>
		</tab>
	    
	    <tab>
		    <_id>3</_id>
			<label>fs.needs.label</label>
			<background_color>0</background_color>
			<sort_order>0</sort_order>
		</tab>
	    
	    <tab>
	    <_id>4</_id>
			<label>fs.actions.label</label>
			<background_color>0</background_color>
			<sort_order>2</sort_order>
		</tab>
	    
	    <tab>
		    <_id>5</_id>
			<label>fs.places.label</label>
			<background_color>0</background_color>
			<sort_order>5</sort_order>
		</tab>
	    
	    <tab>
		    <_id>6</_id>
			<label>fs.feelings.label</label>
			<background_color>0</background_color>
			<sort_order>6</sort_order>
		</tab>
	    
	    <tab>
		    <_id>7</_id>
			<label>fs.questions.label</label>
			<background_color>0</background_color>
			<sort_order>8</sort_order>
		</tab>
    </tabs>

    <buttons>
     	<button>
		    <_id>1</_id>
			<tab_id>1</tab_id>
			<label>fs.i.label</label>
			<tts_text>fs.i.tts</tts_text>
			<background_color>0</background_color>
			<sort_order>-1</sort_order>
			<linked_tab_id>3</linked_tab_id>
		</button>
  
    <button>
    <_id>2</_id>
<tab_id>1</tab_id>
<label>fs.yes.label</label>
<tts_text>fs.yes.tts</tts_text>
<background_color>0</background_color>
<sort_order>1</sort_order>
</button>
  
    <button>
    <_id>3</_id>
<tab_id>1</tab_id>
<label>fs.no.label</label>
<tts_text>fs.no.tts</tts_text>
<background_color>0</background_color>
<sort_order>2</sort_order>
</button>
  
    <button>
    <_id>4</_id>
<tab_id>1</tab_id>
<label>fs.ok.label</label>
<tts_text>fs.ok.tts</tts_text>
<background_color>0</background_color>
<sort_order>4</sort_order>
</button>
  
    <button>
    <_id>5</_id>
<tab_id>1</tab_id>
<label>fs.maybe.label</label>
<tts_text>fs.maybe.tts</tts_text>
<background_color>0</background_color>
<sort_order>7</sort_order>
</button>
  
    <button>
    <_id>6</_id>
<tab_id>1</tab_id>
<label>fs.i.dont.know.label</label>
<tts_text>fs.i.dont.know.tts</tts_text>
<background_color>0</background_color>
<sort_order>8</sort_order>
</button>
  
    <button>
    <_id>7</_id>
<tab_id>1</tab_id>
<label>fs.please.label</label>
<tts_text>fs.please.tts</tts_text>
<background_color>0</background_color>
<sort_order>9</sort_order>
</button>
  
    <button>
    <_id>8</_id>
<tab_id>1</tab_id>
<label>fs.thank.you.label</label>
<tts_text>fs.thank.you.tts</tts_text>
<background_color>0</background_color>
<sort_order>10</sort_order>
</button>
  
    <button>
    <_id>9</_id>
<tab_id>1</tab_id>
<label>fs.help.label</label>
<tts_text>fs.help.tts</tts_text>
<background_color>0</background_color>
<sort_order>11</sort_order>
<linked_tab_id>2</linked_tab_id>
</button>
  
    <button>
    <_id>10</_id>
<tab_id>2</tab_id>
<label></label>
<sound_resource>-1</sound_resource>
<image_resource>2130837509</image_resource>
<background_color>-16777063</background_color>
<sort_order>-3</sort_order>
<linked_tab_id>1</linked_tab_id>
</button>
  
    <button>
    <_id>11</_id>
<tab_id>2</tab_id>
<label>fs.i.label</label>
<tts_text>fs.i.tts</tts_text>
<background_color>0</background_color>
<sort_order>-1</sort_order>
<linked_tab_id>3</linked_tab_id>
</button>
  
    <button>
    <_id>12</_id>
<tab_id>2</tab_id>
<label>fs.you.label</label>
<tts_text>fs.you.tts</tts_text>
<background_color>0</background_color>
<sort_order>1</sort_order>
<linked_tab_id>3</linked_tab_id>
</button>
  
    <button>
    <_id>13</_id>
<tab_id>2</tab_id>
<label>fs.we.label</label>
<tts_text>fs.we.tts</tts_text>
<background_color>0</background_color>
<sort_order>3</sort_order>
<linked_tab_id>3</linked_tab_id>
</button>
  
    <button>
    <_id>14</_id>
<tab_id>2</tab_id>
<label>fs.me.label</label>
<tts_text>fs.me.tts</tts_text>
<background_color>0</background_color>
<sort_order>22</sort_order>
<linked_tab_id>3</linked_tab_id>
</button>
  
    <button>
    <_id>15</_id>
<tab_id>2</tab_id>
<label>fs.he.label</label>
<tts_text>fs.he.tts</tts_text>
<background_color>0</background_color>
<sort_order>23</sort_order>
</button>
  
    <button>
    <_id>16</_id>
<tab_id>2</tab_id>
<label>fs.she.label</label>
<tts_text>fs.she.tts</tts_text>
<background_color>0</background_color>
<sort_order>24</sort_order>
</button>
  
    <button>
    <_id>17</_id>
<tab_id>2</tab_id>
<label>fs.mom.label</label>
<tts_text>fs.mom.tts</tts_text>
<background_color>0</background_color>
<sort_order>25</sort_order>
</button>
  
    <button>
    <_id>18</_id>
<tab_id>2</tab_id>
<label>fs.dad.label</label>
<tts_text>fs.dad.tts</tts_text>
<background_color>0</background_color>
<sort_order>26</sort_order>
</button>
  
    <button>
    <_id>19</_id>
<tab_id>3</tab_id>
<label></label>
<sound_resource>-1</sound_resource>
<image_resource>2130837509</image_resource>
<background_color>-16777063</background_color>
<sort_order>-2</sort_order>
<linked_tab_id>1</linked_tab_id>
</button>
  
    <button>
    <_id>20</_id>
<tab_id>3</tab_id>
<label>fs.want.to.label</label>
<tts_text>fs.want.to.tts</tts_text>
<background_color>0</background_color>
<sort_order>21</sort_order>
<linked_tab_id>4</linked_tab_id>
</button>
  
    <button>
    <_id>21</_id>
<tab_id>3</tab_id>
<label>fs.need.to.label</label>
<tts_text>fs.need.to.tts</tts_text>
<background_color>0</background_color>
<sort_order>22</sort_order>
<linked_tab_id>4</linked_tab_id>
</button>
  
    <button>
    <_id>22</_id>
<tab_id>3</tab_id>
<label>fs.am.label</label>
<tts_text>fs.am.tts</tts_text>
<background_color>0</background_color>
<sort_order>24</sort_order>
<linked_tab_id>6</linked_tab_id>
</button>
  
    <button>
    <_id>23</_id>
<tab_id>3</tab_id>
<label>fs.are.label</label>
<tts_text>fs.are.tts</tts_text>
<background_color>0</background_color>
<sort_order>26</sort_order>
<linked_tab_id>6</linked_tab_id>
</button>
  
    <button>
    <_id>24</_id>
<tab_id>3</tab_id>
<label>fs.can.label</label>
<tts_text>fs.can.tts</tts_text>
<background_color>0</background_color>
<sort_order>28</sort_order>
<linked_tab_id>4</linked_tab_id>
</button>
  
    <button>
    <_id>25</_id>
<tab_id>4</tab_id>
<label></label>
<sound_resource>-1</sound_resource>
<image_resource>2130837509</image_resource>
<background_color>-16777063</background_color>
<sort_order>-1</sort_order>
<linked_tab_id>1</linked_tab_id>
</button>
  
    <button>
    <_id>26</_id>
<tab_id>4</tab_id>
<label>fs.go.label</label>
<tts_text>fs.go.tts</tts_text>
<background_color>0</background_color>
<sort_order>26</sort_order>
<linked_tab_id>5</linked_tab_id>
</button>
  
    <button>
    <_id>27</_id>
<tab_id>4</tab_id>
<label>fs.play.label</label>
<tts_text>fs.play.tts</tts_text>
<background_color>0</background_color>
<sort_order>28</sort_order>
</button>
  
    <button>
    <_id>28</_id>
<tab_id>4</tab_id>
<label>fs.watch.tv.label</label>
<tts_text>fs.watch.tv.tts</tts_text>
<background_color>0</background_color>
<sort_order>29</sort_order>
</button>
  
    <button>
    <_id>29</_id>
<tab_id>4</tab_id>
<label>fs.read.label</label>
<tts_text>fs.read.tts</tts_text>
<background_color>0</background_color>
<sort_order>30</sort_order>
</button>
  
    <button>
    <_id>30</_id>
<tab_id>4</tab_id>
<label>fs.drink.label</label>
<tts_text>fs.drink.tts</tts_text>
<background_color>0</background_color>
<sort_order>31</sort_order>
</button>
  
    <button>
    <_id>31</_id>
<tab_id>4</tab_id>
<label>fs.eat.label</label>
<tts_text>fs.eat.tts</tts_text>
<background_color>0</background_color>
<sort_order>32</sort_order>
</button>
  
    <button>
    <_id>32</_id>
<tab_id>4</tab_id>
<label>fs.sleep.label</label>
<tts_text>fs.sleep.tts</tts_text>
<background_color>0</background_color>
<sort_order>33</sort_order>
</button>
  
    <button>
    <_id>33</_id>
<tab_id>4</tab_id>
<label>fs.clean.up.label</label>
<tts_text>fs.clean.up.tts</tts_text>
<background_color>0</background_color>
<sort_order>35</sort_order>
</button>
  
    <button>
    <_id>34</_id>
<tab_id>5</tab_id>
<label></label>
<sound_resource>-1</sound_resource>
<image_resource>2130837509</image_resource>
<background_color>-16777063</background_color>
<sort_order>-2</sort_order>
<linked_tab_id>1</linked_tab_id>
</button>
  
    <button>
    <_id>35</_id>
<tab_id>5</tab_id>
<label>fs.home.label</label>
<tts_text>fs.home.tts</tts_text>
<background_color>0</background_color>
<sort_order>32</sort_order>
</button>
  
    <button>
    <_id>36</_id>
<tab_id>5</tab_id>
<label>fs.school.label</label>
<tts_text>fs.to.school.tts</tts_text>
<background_color>0</background_color>
<sort_order>33</sort_order>
</button>
  
    <button>
    <_id>37</_id>
<tab_id>5</tab_id>
<label>fs.outside.label</label>
<tts_text>fs.outside.tts</tts_text>
<background_color>0</background_color>
<sort_order>34</sort_order>
</button>
  
    <button>
    <_id>38</_id>
<tab_id>5</tab_id>
<label>fs.kitchen.label</label>
<tts_text>fs.to.the.kitchen.tts</tts_text>
<background_color>0</background_color>
<sort_order>35</sort_order>
</button>
  
    <button>
    <_id>39</_id>
<tab_id>5</tab_id>
<label>fs.bathroom.label</label>
<tts_text>fs.to.the.bathroom.tts</tts_text>
<background_color>0</background_color>
<sort_order>36</sort_order>
</button>
  
    <button>
    <_id>40</_id>
<tab_id>5</tab_id>
<label>fs.bedroom.label</label>
<tts_text>fs.to.the.bedroom.tts</tts_text>
<background_color>0</background_color>
<sort_order>37</sort_order>
</button>
  
    <button>
    <_id>41</_id>
<tab_id>5</tab_id>
<label>fs.living.room.label</label>
<tts_text>fs.to.the.living.room.tts</tts_text>
<background_color>0</background_color>
<sort_order>38</sort_order>
</button>
  
    <button>
    <_id>42</_id>
<tab_id>5</tab_id>
<label>fs.work.label</label>
<tts_text>fs.to.work.tts</tts_text>
<background_color>0</background_color>
<sort_order>40</sort_order>
</button>
  
    <button>
    <_id>43</_id>
<tab_id>5</tab_id>
<label>fs.and.label</label>
<tts_text>fs.and.tts</tts_text>
<background_color>0</background_color>
<sort_order>42</sort_order>
<linked_tab_id>4</linked_tab_id>
</button>
  
    <button>
    <_id>44</_id>
<tab_id>6</tab_id>
<label></label>
<sound_resource>-1</sound_resource>
<image_resource>2130837509</image_resource>
<background_color>-16777063</background_color>
<sort_order>-5</sort_order>
<linked_tab_id>1</linked_tab_id>
</button>
  
    <button>
    <_id>45</_id>
<tab_id>6</tab_id>
<label>fs.too.label</label>
<tts_text>fs.too.tts</tts_text>
<background_color>0</background_color>
<sort_order>37</sort_order>
</button>
  
    <button>
    <_id>46</_id>
<tab_id>6</tab_id>
<label>fs.hurt.label</label>
<tts_text>fs.hurt.tts</tts_text>
<background_color>0</background_color>
<sort_order>38</sort_order>
</button>
  
    <button>
    <_id>47</_id>
<tab_id>6</tab_id>
<label>fs.hot.label</label>
<tts_text>fs.hot.tts</tts_text>
<background_color>0</background_color>
<sort_order>40</sort_order>
</button>
  
    <button>
    <_id>48</_id>
<tab_id>6</tab_id>
<label>fs.cold.label</label>
<tts_text>fs.cold.tts</tts_text>
<background_color>0</background_color>
<sort_order>41</sort_order>
</button>
  
    <button>
    <_id>49</_id>
<tab_id>6</tab_id>
<label>fs.thirsty.label</label>
<tts_text>fs.thirsty.tts</tts_text>
<background_color>0</background_color>
<sort_order>42</sort_order>
</button>
  
    <button>
    <_id>50</_id>
<tab_id>6</tab_id>
<label>fs.hungry.label</label>
<tts_text>fs.hungry.tts</tts_text>
<background_color>0</background_color>
<sort_order>43</sort_order>
</button>
  
    <button>
    <_id>51</_id>
<tab_id>6</tab_id>
<label>fs.tired.label</label>
<tts_text>fs.tired.tts</tts_text>
<background_color>0</background_color>
<sort_order>44</sort_order>
</button>
  
    <button>
    <_id>52</_id>
<tab_id>6</tab_id>
<label>fs.happy.label</label>
<tts_text>fs.happy.tts</tts_text>
<background_color>0</background_color>
<sort_order>47</sort_order>
</button>
  
    <button>
    <_id>53</_id>
<tab_id>6</tab_id>
<label>fs.sad.label</label>
<tts_text>fs.sad.tts</tts_text>
<background_color>0</background_color>
<sort_order>48</sort_order>
</button>
  
    <button>
    <_id>54</_id>
<tab_id>6</tab_id>
<label>fs.bored.label</label>
<tts_text>fs.bored.tts</tts_text>
<background_color>0</background_color>
<sort_order>50</sort_order>
</button>
  
    <button>
    <_id>55</_id>
<tab_id>6</tab_id>
<label>fs.excited.label</label>
<tts_text>fs.excited.tts</tts_text>
<background_color>0</background_color>
<sort_order>54</sort_order>
</button>
  
    <button>
    <_id>56</_id>
<tab_id>6</tab_id>
<label>fs.angry.label</label>
<tts_text>fs.angry.tts</tts_text>
<background_color>0</background_color>
<sort_order>57</sort_order>
</button>
  
    <button>
    <_id>57</_id>
<tab_id>6</tab_id>
<label>fs.frustrated.label</label>
<tts_text>fs.frustrated.tts</tts_text>
<background_color>0</background_color>
<sort_order>58</sort_order>
</button>
  
    <button>
    <_id>58</_id>
<tab_id>6</tab_id>
<label>fs.sorry.label</label>
<tts_text>fs.sorry.tts</tts_text>
<background_color>0</background_color>
<sort_order>59</sort_order>
</button>
  
    <button>
    <_id>60</_id>
<tab_id>7</tab_id>
<label></label>
<sound_resource>-1</sound_resource>
<image_resource>2130837509</image_resource>
<background_color>-16777063</background_color>
<sort_order>-1</sort_order>
<linked_tab_id>1</linked_tab_id>
</button>
  
    <button>
    <_id>59</_id>
<tab_id>7</tab_id>
<label>fs.may.i.label</label>
<tts_text>fs.may.i.tts</tts_text>
<background_color>0</background_color>
<sort_order>1</sort_order>
<linked_tab_id>4</linked_tab_id>
</button>
  
    <button>
    <_id>61</_id>
<tab_id>7</tab_id>
<label>fs.who.label</label>
<tts_text>fs.who.tts</tts_text>
<background_color>0</background_color>
<sort_order>12</sort_order>
</button>
  
    <button>
    <_id>62</_id>
<tab_id>7</tab_id>
<label>fs.what.label</label>
<tts_text>fs.what.tts</tts_text>
<background_color>0</background_color>
<sort_order>13</sort_order>
</button>
  
    <button>
    <_id>63</_id>
<tab_id>7</tab_id>
<label>fs.why.label</label>
<tts_text>fs.why.tts</tts_text>
<background_color>0</background_color>
<sort_order>14</sort_order>
</button>
  
    <button>
    <_id>64</_id>
<tab_id>7</tab_id>
<label>fs.where.label</label>
<tts_text>fs.where.tts</tts_text>
<background_color>0</background_color>
<sort_order>15</sort_order>
</button>
  
    <button>
    <_id>65</_id>
<tab_id>7</tab_id>
<label>fs.when.label</label>
<tts_text>fs.when.tts</tts_text>
<background_color>0</background_color>
<sort_order>16</sort_order>
</button>
  
    <button>
    <_id>66</_id>
<tab_id>7</tab_id>
<label>fs.how.label</label>
<tts_text>fs.how.tts</tts_text>
<background_color>0</background_color>
<sort_order>17</sort_order>
</button>
  
    <button>
    <_id>67</_id>
<tab_id>7</tab_id>
<label>fs.how.much.label</label>
<tts_text>fs.how.much.tts</tts_text>
<background_color>0</background_color>
<sort_order>18</sort_order>
</button>
  
    <button>
    <_id>68</_id>
<tab_id>7</tab_id>
<label>fs.how.many.label</label>
<tts_text>fs.how.many.tts</tts_text>
<background_color>0</background_color>
<sort_order>19</sort_order>
</button>
  
	</buttons>
</backup>
    
